{
  "mood": {
    "stress": 0.7,
    "confidence": 0.30000000000000004
  },
  "stats": {
    "recent_deaths": 0,
    "last_comment_time": 1772373499.2945783,
    "last_comment_topic": ""
  }
}